[
  {
    "id": 1,
    "name": "Ahmed Khan",
    "marks": {
      "math": 85,
      "physics": 78,
      "computer": 92,
      "english": 88
    }
  },
  {
    "id": 2,
    "name": "Sara Ali",
    "marks": {
      "math": 92,
      "physics": 88,
      "computer": 95,
      "english": 90
    }
  },
  {
    "id": 3,
    "name": "Bilal Ahmed",
    "marks": {
      "math": 65,
      "physics": 70,
      "computer": 62,
      "english": 68
    }
  },
  {
    "id": 4,
    "name": "Zoya Malik",
    "marks": {
      "math": 45,
      "physics": 50,
      "computer": 48,
      "english": 55
    }
  },
  {
    "id": 5,
    "name": "Hamza Sheikh",
    "marks": {
      "math": 30,
      "physics": 35,
      "computer": 28,
      "english": 40
    }
  },
  {
    "id": 6,
    "name": "Ayesha Omar",
    "marks": {
      "math": 88,
      "physics": 92,
      "computer": 90,
      "english": 85
    }
  },
  {
    "id": 7,
    "name": "Usman Tariq",
    "marks": {
      "math": 75,
      "physics": 80,
      "computer": 82,
      "english": 78
    }
  },
  {
    "id": 8,
    "name": "Mahnoor Fatima",
    "marks": {
      "math": 55,
      "physics": 60,
      "computer": 58,
      "english": 62
    }
  },
  {
    "id": 9,
    "name": "Zainab Raza",
    "marks": {
      "math": 95,
      "physics": 94,
      "computer": 98,
      "english": 92
    }
  },
  {
    "id": 10,
    "name": "Fahad Mustafa",
    "marks": {
      "math": 40,
      "physics": 42,
      "computer": 38,
      "english": 45
    }
  },
  {
    "id": 12,
    "name": "Iqra Aziz",
    "marks": {
      "math": 82,
      "physics": 85,
      "computer": 88,
      "english": 80
    }
  },
  {
    "id": 13,
    "name": "Saad Salman",
    "marks": {
      "math": 50,
      "physics": 52,
      "computer": 48,
      "english": 53
    }
  },
  {
    "id": 14,
    "name": "Mariam Nawaz",
    "marks": {
      "math": 90,
      "physics": 92,
      "computer": 94,
      "english": 88
    }
  },
  {
    "id": 15,
    "name": "Umer Akmal",
    "marks": {
      "computer": 32,
      "english": 40,
      "math": 35,
      "physics": 38
    }
  }
]